{
  "Cart Page" : {
    "transaction" : "Cart Page",
    "sampleCount" : 1,
    "errorCount" : 0,
    "errorPct" : 0.0,
    "meanResTime" : 345.0,
    "medianResTime" : 345.0,
    "minResTime" : 345.0,
    "maxResTime" : 345.0,
    "pct1ResTime" : 345.0,
    "pct2ResTime" : 345.0,
    "pct3ResTime" : 345.0,
    "throughput" : 2.898550724637681,
    "receivedKBytesPerSec" : 14.048346920289855,
    "sentKBytesPerSec" : 1.1435688405797102
  },
  "Total" : {
    "transaction" : "Total",
    "sampleCount" : 4,
    "errorCount" : 1,
    "errorPct" : 25.0,
    "meanResTime" : 1728.25,
    "medianResTime" : 1360.0,
    "minResTime" : 345.0,
    "maxResTime" : 3848.0,
    "pct1ResTime" : 3848.0,
    "pct2ResTime" : 3848.0,
    "pct3ResTime" : 3848.0,
    "throughput" : 0.4948045522018803,
    "receivedKBytesPerSec" : 3.5700583328179123,
    "sentKBytesPerSec" : 0.18990057521029194
  },
  "Search Page" : {
    "transaction" : "Search Page",
    "sampleCount" : 1,
    "errorCount" : 0,
    "errorPct" : 0.0,
    "meanResTime" : 1237.0,
    "medianResTime" : 1237.0,
    "minResTime" : 1237.0,
    "maxResTime" : 1237.0,
    "pct1ResTime" : 1237.0,
    "pct2ResTime" : 1237.0,
    "pct3ResTime" : 1237.0,
    "throughput" : 0.8084074373484236,
    "receivedKBytesPerSec" : 5.0833354385610345,
    "sentKBytesPerSec" : 0.31894199676637025
  },
  "Home Page" : {
    "transaction" : "Home Page",
    "sampleCount" : 1,
    "errorCount" : 1,
    "errorPct" : 100.0,
    "meanResTime" : 3848.0,
    "medianResTime" : 3848.0,
    "minResTime" : 3848.0,
    "maxResTime" : 3848.0,
    "pct1ResTime" : 3848.0,
    "pct2ResTime" : 3848.0,
    "pct3ResTime" : 3848.0,
    "throughput" : 0.2598752598752599,
    "receivedKBytesPerSec" : 1.7701464234667361,
    "sentKBytesPerSec" : 0.08730184511434512
  },
  "Product Page" : {
    "transaction" : "Product Page",
    "sampleCount" : 1,
    "errorCount" : 0,
    "errorPct" : 0.0,
    "meanResTime" : 1483.0,
    "medianResTime" : 1483.0,
    "minResTime" : 1483.0,
    "maxResTime" : 1483.0,
    "pct1ResTime" : 1483.0,
    "pct2ResTime" : 1483.0,
    "pct3ResTime" : 1483.0,
    "throughput" : 0.6743088334457181,
    "receivedKBytesPerSec" : 7.359448752528658,
    "sentKBytesPerSec" : 0.2765719824679703
  }
}